[{
  "header": "YouTube",
  "title": "Watched The Harveys play Fast Money! | Celebrity Family Feud",
  "titleUrl": "https://www.youtube.com/watch?v\u003dbSGfR7Yakgs",
  "subtitles": [{
    "name": "FamilyFeud",
    "url": "https://www.youtube.com/channel/UCt8jfvd9skBAOT6XJwc_mJg"
  }],
  "time": "2022-04-04T00:16:24.411Z",
  "products": ["YouTube"],
  "activityControls": ["YouTube watch history"]
},{
  "header": "YouTube",
  "title": "Watched Steve Harvey\u0027s Wife Said THIS - Celebrity Family Feud 3x3",
  "titleUrl": "https://www.youtube.com/watch?v\u003deFvxDSsXYms",
  "subtitles": [{
    "name": "ABC",
    "url": "https://www.youtube.com/channel/UC_IpSl6O_-IRAA6fiNs05Gg"
  }],
  "time": "2022-04-04T00:14:35.621Z",
  "products": ["YouTube"],
  "activityControls": ["YouTube watch history"]
},{
  "header": "YouTube",
  "title": "Watched Ask Steve: Marjorie Gets Me Every April Fools! || STEVE HARVEY",
  "titleUrl": "https://www.youtube.com/watch?v\u003dRSFql00Wpn8",
  "subtitles": [{
    "name": "Steve TV Show",
    "url": "https://www.youtube.com/channel/UCEs-zSwH2NYGskxF-ptoT1w"
  }],
  "time": "2022-04-04T00:10:28.237Z",
  "products": ["YouTube"],
  "activityControls": ["YouTube watch history"]
},{
  "header": "YouTube",
  "title": "Watched Upload Files to django-rest-framework via AJAX",
  "titleUrl": "https://www.youtube.com/watch?v\u003d1Y28xEn-XGo",
  "subtitles": [{
    "name": "GoDjango",
    "url": "https://www.youtube.com/channel/UCGFnqWaBEHVzPD40PuH7vbg"
  }],
  "time": "2022-04-03T23:58:41.445Z",
  "products": ["YouTube"],
  "activityControls": ["YouTube watch history"]
},{
  "header": "YouTube",
  "title": "Watched Most Ungrateful Wife on Planet",
  "titleUrl": "https://www.youtube.com/watch?v\u003dBlKixzyNBXM",
  "subtitles": [{
    "name": "F.L.O Media Inc.",
    "url": "https://www.youtube.com/channel/UCLKgVlk1C0XZFAbrbpjrnZw"
  }],
  "time": "2022-04-03T23:48:15.855Z",
  "products": ["YouTube"],
  "activityControls": ["YouTube watch history"]
},{
  "header": "YouTube",
  "title": "Watched Naruto Battles Sasuke for the Final Time While Whole Word is asleep Inside Infinite Tsukuyomi",
  "titleUrl": "https://www.youtube.com/watch?v\u003dcp1NNTRZgBo",
  "subtitles": [{
    "name": "Ani Sensei",
    "url": "https://www.youtube.com/channel/UC-60Ej8NIHDPwPrdVWHOKgw"
  }],
  "time": "2022-04-03T23:47:16.415Z",
  "products": ["YouTube"],
  "activityControls": ["YouTube watch history"]
},{
  "header": "YouTube",
  "title": "Watched Naruto surely die from the first meeting Nine-Tailed Fox if it wasn\u0027t for Kurama\u0027s chakra",
  "titleUrl": "https://www.youtube.com/watch?v\u003dBkI3ZZxQ-AU",
  "subtitles": [{
    "name": "Anime Smile Itachi",
    "url": "https://www.youtube.com/channel/UCg-IcjQVBOyWst_KYl4uWoQ"
  }],
  "time": "2022-04-03T23:42:30.010Z",
  "products": ["YouTube"],
  "activityControls": ["YouTube watch history"]
},{
  "header": "YouTube",
  "title": "Watched Olivia Lennox (Laura Ramsay) SHE\u0027S THE MAN scenes",
  "titleUrl": "https://www.youtube.com/watch?v\u003d7rZ9g9rCDOU",
  "subtitles": [{
    "name": "guessWho66666fy",
    "url": "https://www.youtube.com/channel/UCLHXgL0fYJ6XIr5J4SUgsnA"
  }],
  "time": "2022-04-03T23:41:03.052Z",
  "products": ["YouTube"],
  "activityControls": ["YouTube watch history"]
},{
  "header": "YouTube",
  "title": "Watched Will Smith Slaps Green Goblin",
  "titleUrl": "https://www.youtube.com/watch?v\u003dsPgvHH15w6c",
  "subtitles": [{
    "name": "Team Maguire",
    "url": "https://www.youtube.com/channel/UCU4IoTh4s4JyPv7uLWe03gw"
  }],
  "time": "2022-04-03T23:40:46.117Z",
  "products": ["YouTube"],
  "activityControls": ["YouTube watch history"]
},{
  "header": "YouTube",
  "title": "Watched Who\u0027s the last person you kissed?? | Family Feud",
  "titleUrl": "https://www.youtube.com/watch?v\u003d4no76Kw3BJs",
  "subtitles": [{
    "name": "FamilyFeud",
    "url": "https://www.youtube.com/channel/UCt8jfvd9skBAOT6XJwc_mJg"
  }],
  "time": "2022-04-03T22:21:23.497Z",
  "products": ["YouTube"],
  "activityControls": ["YouTube watch history"]
},{
  "header": "YouTube",
  "title": "Watched Bitirim İkili (Rush Hour) #jackiechan #christucker #shorts",
  "titleUrl": "https://www.youtube.com/watch?v\u003dM_sF_eSLIzc",
  "subtitles": [{
    "name": "ingilizce.doktoru",
    "url": "https://www.youtube.com/channel/UC--otgQiHb6OAIadAz19VRg"
  }],
  "time": "2022-04-03T22:21:15.119Z",
  "products": ["YouTube"],
  "activityControls": ["YouTube watch history"]
},{
  "header": "YouTube",
  "title": "Watched father\u0027s love❤",
  "titleUrl": "https://www.youtube.com/watch?v\u003dHL0syN_NJPw",
  "subtitles": [{
    "name": "Bossbabe Sayings",
    "url": "https://www.youtube.com/channel/UCHUCJH8diHIqnBB6ilGhMow"
  }],
  "time": "2022-04-03T22:21:07.044Z",
  "products": ["YouTube"],
  "activityControls": ["YouTube watch history"]
},{
  "header": "YouTube",
  "title": "Watched The best answer that’s not up there 😂",
  "titleUrl": "https://www.youtube.com/watch?v\u003d7wVgPFh-DtA",
  "subtitles": [{
    "name": "Startup Leader",
    "url": "https://www.youtube.com/channel/UCFX6yCNFgUwkmUtdR3uky0g"
  }],
  "time": "2022-04-03T22:21:05.629Z",
  "products": ["YouTube"],
  "activityControls": ["YouTube watch history"]
},{
  "header": "YouTube",
  "title": "Watched Big sawftieeeee😍 #comedy",
  "titleUrl": "https://www.youtube.com/watch?v\u003dU8IwJpoE1C0",
  "subtitles": [{
    "name": "RexRex",
    "url": "https://www.youtube.com/channel/UCe1RQkx5TpEwpamdIZmBBdw"
  }],
  "time": "2022-04-03T22:21:04.646Z",
  "products": ["YouTube"],
  "activityControls": ["YouTube watch history"]
},{
  "header": "YouTube",
  "title": "Watched Floyd Mayweather Spent 90 Days in Prison",
  "titleUrl": "https://www.youtube.com/watch?v\u003d40whQcHcHnY",
  "subtitles": [{
    "name": "Florid Miston",
    "url": "https://www.youtube.com/channel/UCTN1D_QBrnLAXGjDDFaAFOA"
  }],
  "time": "2022-04-03T22:20:26.649Z",
  "products": ["YouTube"],
  "activityControls": ["YouTube watch history"]
},{
  "header": "YouTube",
  "title": "Watched Cobra Kai Johnny Lawrence Edit #cobrakai #rating #shorts #JohhnyLawrence",
  "titleUrl": "https://www.youtube.com/watch?v\u003d9lRaakDDy1U",
  "subtitles": [{
    "name": "faytz",
    "url": "https://www.youtube.com/channel/UCDfQmZPWFOG6dRZCsjZ0deg"
  }],
  "time": "2022-04-03T22:20:24.585Z",
  "products": ["YouTube"],
  "activityControls": ["YouTube watch history"]
},{
  "header": "YouTube",
  "title": "Watched from spiderman no way home",
  "titleUrl": "https://www.youtube.com/watch?v\u003dCtLNxv5VxG8",
  "subtitles": [{
    "name": "qlchan",
    "url": "https://www.youtube.com/channel/UCGxVfsqbSa1YJbFJ9gzX7xA"
  }],
  "time": "2022-04-03T22:20:08.589Z",
  "products": ["YouTube"],
  "activityControls": ["YouTube watch history"]
}]
